filename	measure	score
PMC4476985.txt	flesch_reading_ease	206.84
PMC4476998.txt	flesch_reading_ease	33.68
PMC4476998.txt	gunning_fog	16.12
PMC4476998.txt	automated_readability_index	21.0
PMC4476998.txt	coleman_liau_index	16.31
PMC4540731.txt	flesch_reading_ease	19.54
PMC4540731.txt	gunning_fog	17.48
PMC4540731.txt	automated_readability_index	21.9
PMC4540731.txt	coleman_liau_index	14.75
PMC4540732.txt	flesch_reading_ease	6.98
PMC4540732.txt	gunning_fog	18.33
PMC4540732.txt	automated_readability_index	23.7
PMC4540732.txt	coleman_liau_index	19.27
PMC4624128.txt	flesch_reading_ease	26.85
PMC4624128.txt	gunning_fog	16.02
PMC4624128.txt	automated_readability_index	20.2
PMC4624128.txt	coleman_liau_index	16.02
PMC4624129.txt	flesch_reading_ease	30.74
PMC4624129.txt	gunning_fog	17.21
PMC4624129.txt	automated_readability_index	20.7
PMC4624129.txt	coleman_liau_index	14.28
PMC4624130.txt	flesch_reading_ease	26.74
PMC4624130.txt	gunning_fog	15.94
PMC4624130.txt	automated_readability_index	19.6
PMC4624130.txt	coleman_liau_index	15.26
PMC4624131.txt	flesch_reading_ease	31.55
PMC4624131.txt	gunning_fog	16.22
PMC4624131.txt	automated_readability_index	21.2
PMC4624131.txt	coleman_liau_index	15.62
PMC4624132.txt	flesch_reading_ease	36.73
PMC4624132.txt	gunning_fog	15.43
PMC4624132.txt	automated_readability_index	19.0
PMC4624132.txt	coleman_liau_index	15.67
PMC4624133.txt	flesch_reading_ease	31.75
PMC4624133.txt	gunning_fog	15.89
PMC4624133.txt	automated_readability_index	20.5
PMC4624133.txt	coleman_liau_index	14.57
PMC4624135.txt	flesch_reading_ease	31.75
PMC4624135.txt	gunning_fog	17.38
PMC4624135.txt	automated_readability_index	21.0
PMC4624135.txt	coleman_liau_index	15.68
PMC4624138.txt	flesch_reading_ease	31.25
PMC4624138.txt	gunning_fog	18.2
PMC4624138.txt	automated_readability_index	21.1
PMC4624138.txt	coleman_liau_index	14.92
PMC4624140.txt	flesch_reading_ease	30.13
PMC4624140.txt	gunning_fog	16.49
PMC4624140.txt	automated_readability_index	23.1
PMC4624140.txt	coleman_liau_index	16.84
PMC4624141.txt	flesch_reading_ease	206.84
PMC4624143.txt	flesch_reading_ease	30.94
PMC4624143.txt	gunning_fog	16.17
PMC4624143.txt	automated_readability_index	20.5
PMC4624143.txt	coleman_liau_index	14.46
PMC4624144.txt	flesch_reading_ease	19.13
PMC4624144.txt	gunning_fog	19.25
PMC4624144.txt	automated_readability_index	23.7
PMC4624144.txt	coleman_liau_index	15.73
PMC4624145.txt	flesch_reading_ease	29.52
PMC4624145.txt	gunning_fog	19.1
PMC4624145.txt	automated_readability_index	21.9
PMC4624145.txt	coleman_liau_index	14.98
PMC4624146.txt	flesch_reading_ease	32.57
PMC4624146.txt	gunning_fog	17.76
PMC4624146.txt	automated_readability_index	20.1
PMC4624146.txt	coleman_liau_index	14.81
PMC4624150.txt	flesch_reading_ease	37.84
PMC4624150.txt	gunning_fog	14.55
PMC4624150.txt	automated_readability_index	18.2
PMC4624150.txt	coleman_liau_index	15.44
PMC4689696.txt	flesch_reading_ease	206.84
PMC4695448.txt	flesch_reading_ease	206.84
PMC4697909.txt	flesch_reading_ease	12.67
PMC4697909.txt	gunning_fog	19.59
PMC4697909.txt	automated_readability_index	21.9
PMC4697909.txt	coleman_liau_index	20.48
PMC4697910.txt	flesch_reading_ease	41.63
PMC4697910.txt	gunning_fog	16.28
PMC4697910.txt	automated_readability_index	18.8
PMC4697910.txt	coleman_liau_index	13.3
PMC4697911.txt	flesch_reading_ease	35.61
PMC4697911.txt	gunning_fog	16.36
PMC4697911.txt	automated_readability_index	19.3
PMC4697911.txt	coleman_liau_index	15.67
PMC4697912.txt	flesch_reading_ease	22.08
PMC4697912.txt	gunning_fog	19.15
PMC4697912.txt	automated_readability_index	22.8
PMC4697912.txt	coleman_liau_index	17.01
PMC4697913.txt	flesch_reading_ease	16.62
PMC4697913.txt	gunning_fog	18.39
PMC4697913.txt	automated_readability_index	20.3
PMC4697913.txt	coleman_liau_index	20.01
PMC4701705.txt	flesch_reading_ease	32.77
PMC4701705.txt	gunning_fog	16.57
PMC4701705.txt	automated_readability_index	20.6
PMC4701705.txt	coleman_liau_index	15.73
PMC4701706.txt	flesch_reading_ease	19.64
PMC4701706.txt	gunning_fog	19.71
PMC4701706.txt	automated_readability_index	24.1
PMC4701706.txt	coleman_liau_index	17.13
PMC4701707.txt	flesch_reading_ease	25.02
PMC4701707.txt	gunning_fog	17.31
PMC4701707.txt	automated_readability_index	20.8
PMC4701707.txt	coleman_liau_index	16.2
PMC4701708.txt	flesch_reading_ease	28.1
PMC4701708.txt	gunning_fog	20.73
PMC4701708.txt	automated_readability_index	21.9
PMC4701708.txt	coleman_liau_index	14.23
PMC4701709.txt	flesch_reading_ease	38.55
PMC4701709.txt	gunning_fog	15.16
PMC4701709.txt	automated_readability_index	18.6
PMC4701709.txt	coleman_liau_index	15.61
PMC4703588.txt	flesch_reading_ease	5.7
PMC4703588.txt	gunning_fog	23.81
PMC4703588.txt	automated_readability_index	27.9
PMC4703588.txt	coleman_liau_index	18.23
PMC4703589.txt	flesch_reading_ease	35.31
PMC4703589.txt	gunning_fog	15.88
PMC4703589.txt	automated_readability_index	20.1
PMC4703589.txt	coleman_liau_index	15.96
PMC4703590.txt	flesch_reading_ease	35.47
PMC4703590.txt	gunning_fog	16.03
PMC4703590.txt	automated_readability_index	16.1
PMC4703590.txt	coleman_liau_index	16.53
PMC4705057.txt	flesch_reading_ease	32.77
PMC4705057.txt	gunning_fog	17.3
PMC4705057.txt	automated_readability_index	19.3
PMC4705057.txt	coleman_liau_index	13.88
PMC4706275.txt	flesch_reading_ease	38.25
PMC4706275.txt	gunning_fog	14.06
PMC4706275.txt	automated_readability_index	17.2
PMC4706275.txt	coleman_liau_index	14.57
PMC4706279.txt	flesch_reading_ease	14.7
PMC4706279.txt	gunning_fog	17.6
PMC4706279.txt	automated_readability_index	20.5
PMC4706279.txt	coleman_liau_index	19.32
PMC4706830.txt	flesch_reading_ease	25.32
PMC4706830.txt	gunning_fog	16.41
PMC4706830.txt	automated_readability_index	19.9
PMC4706830.txt	coleman_liau_index	15.44
PMC4706831.txt	flesch_reading_ease	31.45
PMC4706831.txt	gunning_fog	18.73
PMC4706831.txt	automated_readability_index	21.6
PMC4706831.txt	coleman_liau_index	15.62
PMC4706832.txt	flesch_reading_ease	48.03
PMC4706832.txt	gunning_fog	14.24
PMC4706832.txt	automated_readability_index	16.0
PMC4706832.txt	coleman_liau_index	13.76
PMC4706833.txt	flesch_reading_ease	20.55
PMC4706833.txt	gunning_fog	19.64
PMC4706833.txt	automated_readability_index	23.4
PMC4706833.txt	coleman_liau_index	16.84
PMC4706834.txt	flesch_reading_ease	25.42
PMC4706834.txt	gunning_fog	17.67
PMC4706834.txt	automated_readability_index	20.5
PMC4706834.txt	coleman_liau_index	16.55
PMC4706835.txt	flesch_reading_ease	29.52
PMC4706835.txt	gunning_fog	18.18
PMC4706835.txt	automated_readability_index	21.2
PMC4706835.txt	coleman_liau_index	14.4
PMC4711282.txt	flesch_reading_ease	31.21
PMC4711282.txt	gunning_fog	16.16
PMC4711282.txt	automated_readability_index	18.0
PMC4711282.txt	coleman_liau_index	16.31
PMC4711283.txt	flesch_reading_ease	28.94
PMC4711283.txt	gunning_fog	12.98
PMC4711283.txt	automated_readability_index	15.9
PMC4711283.txt	coleman_liau_index	17.22
PMC4711284.txt	flesch_reading_ease	38.25
PMC4711284.txt	gunning_fog	15.45
PMC4711284.txt	automated_readability_index	19.0
PMC4711284.txt	coleman_liau_index	16.66
PMC4711285.txt	flesch_reading_ease	26.95
PMC4711285.txt	gunning_fog	18.49
PMC4711285.txt	automated_readability_index	23.1
PMC4711285.txt	coleman_liau_index	19.21
PMC4711286.txt	flesch_reading_ease	27.56
PMC4711286.txt	gunning_fog	16.39
PMC4711286.txt	automated_readability_index	20.1
PMC4711286.txt	coleman_liau_index	16.77
PMC4711287.txt	flesch_reading_ease	206.84
PMC4711288.txt	flesch_reading_ease	25.42
PMC4711288.txt	gunning_fog	18.0
PMC4711288.txt	automated_readability_index	20.3
PMC4711288.txt	coleman_liau_index	15.62
PMC4713396.txt	flesch_reading_ease	25.53
PMC4713396.txt	gunning_fog	16.52
PMC4713396.txt	automated_readability_index	21.7
PMC4713396.txt	coleman_liau_index	17.24
PMC4713397.txt	flesch_reading_ease	22.89
PMC4713397.txt	gunning_fog	18.66
PMC4713397.txt	automated_readability_index	22.3
PMC4713397.txt	coleman_liau_index	17.07
PMC4713398.txt	flesch_reading_ease	9.96
PMC4713398.txt	gunning_fog	20.55
PMC4713398.txt	automated_readability_index	27.3
PMC4713398.txt	coleman_liau_index	19.45
PMC4713399.txt	flesch_reading_ease	17.27
PMC4713399.txt	gunning_fog	18.14
PMC4713399.txt	automated_readability_index	21.7
PMC4713399.txt	coleman_liau_index	17.7
PMC4722047.txt	flesch_reading_ease	29.08
PMC4722047.txt	gunning_fog	17.05
PMC4722047.txt	automated_readability_index	19.4
PMC4722047.txt	coleman_liau_index	16.71
PMC4724354.txt	flesch_reading_ease	15.41
PMC4724354.txt	gunning_fog	16.8
PMC4724354.txt	automated_readability_index	19.9
PMC4724354.txt	coleman_liau_index	18.62
PMC4724355.txt	flesch_reading_ease	42.65
PMC4724355.txt	gunning_fog	16.29
PMC4724355.txt	automated_readability_index	20.6
PMC4724355.txt	coleman_liau_index	15.32
PMC4724356.txt	flesch_reading_ease	26.54
PMC4724356.txt	gunning_fog	15.59
PMC4724356.txt	automated_readability_index	19.5
PMC4724356.txt	coleman_liau_index	15.32
PMC4729759.txt	flesch_reading_ease	30.6
PMC4729759.txt	gunning_fog	17.91
PMC4729759.txt	automated_readability_index	19.0
PMC4729759.txt	coleman_liau_index	17.12
PMC4729760.txt	flesch_reading_ease	29.93
PMC4729760.txt	gunning_fog	17.9
PMC4729760.txt	automated_readability_index	21.0
PMC4729760.txt	coleman_liau_index	14.52
PMC4729761.txt	flesch_reading_ease	36.97
PMC4729761.txt	gunning_fog	17.35
PMC4729761.txt	automated_readability_index	21.4
PMC4729761.txt	coleman_liau_index	13.94
PMC4729762.txt	flesch_reading_ease	36.28
PMC4729762.txt	gunning_fog	13.12
PMC4729762.txt	automated_readability_index	15.6
PMC4729762.txt	coleman_liau_index	15.95
PMC4737710.txt	flesch_reading_ease	58.82
PMC4737710.txt	gunning_fog	13.7
PMC4737710.txt	automated_readability_index	15.3
PMC4737710.txt	coleman_liau_index	13.81
PMC4742418.txt	flesch_reading_ease	4.52
PMC4742418.txt	gunning_fog	25.99
PMC4742418.txt	automated_readability_index	31.5
PMC4742418.txt	coleman_liau_index	16.96
PMC4742419.txt	flesch_reading_ease	27.35
PMC4742419.txt	gunning_fog	17.05
PMC4742419.txt	automated_readability_index	20.3
PMC4742419.txt	coleman_liau_index	16.6
PMC4742420.txt	flesch_reading_ease	28.84
PMC4742420.txt	gunning_fog	14.33
PMC4742420.txt	automated_readability_index	16.7
PMC4742420.txt	coleman_liau_index	18.21
PMC4742421.txt	flesch_reading_ease	30.09
PMC4742421.txt	gunning_fog	15.84
PMC4742421.txt	automated_readability_index	19.2
PMC4742421.txt	coleman_liau_index	17.24
PMC4746197.txt	flesch_reading_ease	24.95
PMC4746197.txt	gunning_fog	20.33
PMC4746197.txt	automated_readability_index	22.6
PMC4746197.txt	coleman_liau_index	13.7
PMC4746198.txt	flesch_reading_ease	33.58
PMC4746198.txt	gunning_fog	17.44
PMC4746198.txt	automated_readability_index	20.5
PMC4746198.txt	coleman_liau_index	15.68
PMC4746199.txt	flesch_reading_ease	31.62
PMC4746199.txt	gunning_fog	17.18
PMC4746199.txt	automated_readability_index	18.1
PMC4746199.txt	coleman_liau_index	17.0
PMC4746200.txt	flesch_reading_ease	20.05
PMC4746200.txt	gunning_fog	21.25
PMC4746200.txt	automated_readability_index	23.5
PMC4746200.txt	coleman_liau_index	16.49
PMC4746201.txt	flesch_reading_ease	37.3
PMC4746201.txt	gunning_fog	13.64
PMC4746201.txt	automated_readability_index	15.0
PMC4746201.txt	coleman_liau_index	15.48
PMC4752943.txt	flesch_reading_ease	30.94
PMC4752943.txt	gunning_fog	17.71
PMC4752943.txt	automated_readability_index	21.2
PMC4752943.txt	coleman_liau_index	15.27
PMC4752944.txt	flesch_reading_ease	20.35
PMC4752944.txt	gunning_fog	19.25
PMC4752944.txt	automated_readability_index	24.3
PMC4752944.txt	coleman_liau_index	17.36
PMC4752945.txt	flesch_reading_ease	35.41
PMC4752945.txt	gunning_fog	16.71
PMC4752945.txt	automated_readability_index	19.8
PMC4752945.txt	coleman_liau_index	15.73
PMC4752946.txt	flesch_reading_ease	30.8
PMC4752946.txt	gunning_fog	16.18
PMC4752946.txt	automated_readability_index	17.9
PMC4752946.txt	coleman_liau_index	16.25
PMC4752947.txt	flesch_reading_ease	35.41
PMC4752947.txt	gunning_fog	15.96
PMC4752947.txt	automated_readability_index	19.8
PMC4752947.txt	coleman_liau_index	15.73
PMC4752948.txt	flesch_reading_ease	34.19
PMC4752948.txt	gunning_fog	15.89
PMC4752948.txt	automated_readability_index	19.3
PMC4752948.txt	coleman_liau_index	14.05
PMC4752949.txt	flesch_reading_ease	16.9
PMC4752949.txt	gunning_fog	20.48
PMC4752949.txt	automated_readability_index	24.9
PMC4752949.txt	coleman_liau_index	16.31
PMC4752950.txt	flesch_reading_ease	32.06
PMC4752950.txt	gunning_fog	18.51
PMC4752950.txt	automated_readability_index	20.6
PMC4752950.txt	coleman_liau_index	14.81
PMC4752951.txt	flesch_reading_ease	16.56
PMC4752951.txt	gunning_fog	18.77
PMC4752951.txt	automated_readability_index	21.7
PMC4752951.txt	coleman_liau_index	17.36
PMC4752952.txt	flesch_reading_ease	23.94
PMC4752952.txt	gunning_fog	20.75
PMC4752952.txt	automated_readability_index	26.0
PMC4752952.txt	coleman_liau_index	16.31
PMC4752953.txt	flesch_reading_ease	10.33
PMC4752953.txt	gunning_fog	18.69
PMC4752953.txt	automated_readability_index	20.7
PMC4752953.txt	coleman_liau_index	17.64
PMC4752954.txt	flesch_reading_ease	26.14
PMC4752954.txt	gunning_fog	17.03
PMC4752954.txt	automated_readability_index	20.2
PMC4752954.txt	coleman_liau_index	15.73
PMC4752955.txt	flesch_reading_ease	41.5
PMC4752955.txt	gunning_fog	13.95
PMC4752955.txt	automated_readability_index	15.9
PMC4752955.txt	coleman_liau_index	15.03
PMC4754293.txt	flesch_reading_ease	28.37
PMC4754293.txt	gunning_fog	14.97
PMC4754293.txt	automated_readability_index	19.6
PMC4754293.txt	coleman_liau_index	16.25
PMC4754294.txt	flesch_reading_ease	21.87
PMC4754294.txt	gunning_fog	19.22
PMC4754294.txt	automated_readability_index	24.2
PMC4754294.txt	coleman_liau_index	17.65
PMC4754295.txt	flesch_reading_ease	30.64
PMC4754295.txt	gunning_fog	19.17
PMC4754295.txt	automated_readability_index	21.8
PMC4754295.txt	coleman_liau_index	15.91
PMC4754296.txt	flesch_reading_ease	4.99
PMC4754296.txt	gunning_fog	22.6
PMC4754296.txt	automated_readability_index	27.9
PMC4754296.txt	coleman_liau_index	17.94
PMC4754297.txt	flesch_reading_ease	27.35
PMC4754297.txt	gunning_fog	18.48
PMC4754297.txt	automated_readability_index	20.0
PMC4754297.txt	coleman_liau_index	16.77
PMC4754298.txt	flesch_reading_ease	18.89
PMC4754298.txt	gunning_fog	18.19
PMC4754298.txt	automated_readability_index	23.5
PMC4754298.txt	coleman_liau_index	19.96
PMC4755959.txt	flesch_reading_ease	15.14
PMC4755959.txt	gunning_fog	18.98
PMC4755959.txt	automated_readability_index	23.2
PMC4755959.txt	coleman_liau_index	18.29
PMC4755960.txt	flesch_reading_ease	19.13
PMC4755960.txt	gunning_fog	19.8
PMC4755960.txt	automated_readability_index	24.2
PMC4755960.txt	coleman_liau_index	16.55
PMC4755961.txt	flesch_reading_ease	23.36
PMC4755961.txt	gunning_fog	16.82
PMC4755961.txt	automated_readability_index	19.0
PMC4755961.txt	coleman_liau_index	17.99
PMC4755962.txt	flesch_reading_ease	28.57
PMC4755962.txt	gunning_fog	14.5
PMC4755962.txt	automated_readability_index	19.0
PMC4755962.txt	coleman_liau_index	16.02
PMC4755963.txt	flesch_reading_ease	40.92
PMC4755963.txt	gunning_fog	15.96
PMC4755963.txt	automated_readability_index	19.5
PMC4755963.txt	coleman_liau_index	14.11
PMC4755964.txt	flesch_reading_ease	46.0
PMC4755964.txt	gunning_fog	14.56
PMC4755964.txt	automated_readability_index	17.0
PMC4755964.txt	coleman_liau_index	13.7
PMC4757597.txt	flesch_reading_ease	206.84
PMC4764608.txt	flesch_reading_ease	33.24
PMC4764608.txt	gunning_fog	16.34
PMC4764608.txt	automated_readability_index	19.1
PMC4764608.txt	coleman_liau_index	19.2
PMC4764609.txt	flesch_reading_ease	21.26
PMC4764609.txt	gunning_fog	18.82
PMC4764609.txt	automated_readability_index	23.0
PMC4764609.txt	coleman_liau_index	16.49
PMC4764610.txt	flesch_reading_ease	27.79
PMC4764610.txt	gunning_fog	16.82
PMC4764610.txt	automated_readability_index	23.6
PMC4764610.txt	coleman_liau_index	16.08
PMC4764611.txt	flesch_reading_ease	206.84
PMC4764612.txt	flesch_reading_ease	206.84
PMC4764613.txt	flesch_reading_ease	30.54
PMC4764613.txt	gunning_fog	18.22
PMC4764613.txt	automated_readability_index	21.0
PMC4764613.txt	coleman_liau_index	14.75
PMC4773375.txt	flesch_reading_ease	28.77
PMC4773375.txt	gunning_fog	16.72
PMC4773375.txt	automated_readability_index	19.1
PMC4773375.txt	coleman_liau_index	16.02
PMC4773376.txt	flesch_reading_ease	26.95
PMC4773376.txt	gunning_fog	17.82
PMC4773376.txt	automated_readability_index	20.6
PMC4773376.txt	coleman_liau_index	17.0
PMC4779096.txt	flesch_reading_ease	23.56
PMC4779096.txt	gunning_fog	16.68
PMC4779096.txt	automated_readability_index	18.2
PMC4779096.txt	coleman_liau_index	16.77
PMC4779109.txt	flesch_reading_ease	12.19
PMC4779109.txt	gunning_fog	17.15
PMC4779109.txt	automated_readability_index	22.2
PMC4779109.txt	coleman_liau_index	15.62
PMC4779111.txt	flesch_reading_ease	15.85
PMC4779111.txt	gunning_fog	16.53
PMC4779111.txt	automated_readability_index	22.1
PMC4779111.txt	coleman_liau_index	17.53
PMC4779453.txt	flesch_reading_ease	31.96
PMC4779453.txt	gunning_fog	16.98
PMC4779453.txt	automated_readability_index	21.3
PMC4779453.txt	coleman_liau_index	15.79
PMC4781812.txt	flesch_reading_ease	28.64
PMC4781812.txt	gunning_fog	15.27
PMC4781812.txt	automated_readability_index	16.4
PMC4781812.txt	coleman_liau_index	16.88
PMC4781813.txt	flesch_reading_ease	39.63
PMC4781813.txt	gunning_fog	11.56
PMC4781813.txt	automated_readability_index	13.7
PMC4781813.txt	coleman_liau_index	15.19
PMC4781814.txt	flesch_reading_ease	23.09
PMC4781814.txt	gunning_fog	19.91
PMC4781814.txt	automated_readability_index	22.8
PMC4781814.txt	coleman_liau_index	17.82
PMC4786556.txt	flesch_reading_ease	27.39
PMC4786556.txt	gunning_fog	19.62
PMC4786556.txt	automated_readability_index	22.3
PMC4786556.txt	coleman_liau_index	14.23
PMC4791420.txt	flesch_reading_ease	39.16
PMC4791420.txt	gunning_fog	14.67
PMC4791420.txt	automated_readability_index	17.9
PMC4791420.txt	coleman_liau_index	15.67
PMC4801843.txt	flesch_reading_ease	14.53
PMC4801843.txt	gunning_fog	20.36
PMC4801843.txt	automated_readability_index	24.0
PMC4801843.txt	coleman_liau_index	19.1
PMC4801844.txt	flesch_reading_ease	27.19
PMC4801844.txt	gunning_fog	19.28
PMC4801844.txt	automated_readability_index	23.3
PMC4801844.txt	coleman_liau_index	15.68
PMC4804230.txt	flesch_reading_ease	206.84
PMC4808522.txt	flesch_reading_ease	15.51
PMC4808522.txt	gunning_fog	14.31
PMC4808522.txt	automated_readability_index	20.3
PMC4808522.txt	coleman_liau_index	19.55
PMC4808523.txt	flesch_reading_ease	23.7
PMC4808523.txt	gunning_fog	17.85
PMC4808523.txt	automated_readability_index	20.7
PMC4808523.txt	coleman_liau_index	15.21
PMC4809863.txt	flesch_reading_ease	20.99
PMC4809863.txt	gunning_fog	23.87
PMC4809863.txt	automated_readability_index	26.5
PMC4809863.txt	coleman_liau_index	15.86
PMC4823230.txt	flesch_reading_ease	15.78
PMC4823230.txt	gunning_fog	20.44
PMC4823230.txt	automated_readability_index	24.9
PMC4823230.txt	coleman_liau_index	15.56
PMC4826381.txt	flesch_reading_ease	21.6
PMC4826381.txt	gunning_fog	20.86
PMC4826381.txt	automated_readability_index	26.4
PMC4826381.txt	coleman_liau_index	16.09
PMC4826382.txt	flesch_reading_ease	44.78
PMC4826382.txt	gunning_fog	14.51
PMC4826382.txt	automated_readability_index	16.6
PMC4826382.txt	coleman_liau_index	12.77
PMC4829572.txt	flesch_reading_ease	18.79
PMC4829572.txt	gunning_fog	18.7
PMC4829572.txt	automated_readability_index	22.4
PMC4829572.txt	coleman_liau_index	18.63
PMC4829573.txt	flesch_reading_ease	33.38
PMC4829573.txt	gunning_fog	17.51
PMC4829573.txt	automated_readability_index	20.9
PMC4829573.txt	coleman_liau_index	16.55
PMC4830803.txt	flesch_reading_ease	32.12
PMC4830803.txt	gunning_fog	16.75
PMC4830803.txt	automated_readability_index	17.5
PMC4830803.txt	coleman_liau_index	16.42
PMC4830804.txt	flesch_reading_ease	32.36
PMC4830804.txt	gunning_fog	17.05
PMC4830804.txt	automated_readability_index	21.4
PMC4830804.txt	coleman_liau_index	16.2
PMC4835421.txt	flesch_reading_ease	18.52
PMC4835421.txt	gunning_fog	20.96
PMC4835421.txt	automated_readability_index	25.5
PMC4835421.txt	coleman_liau_index	18.11
PMC4835422.txt	flesch_reading_ease	39.37
PMC4835422.txt	gunning_fog	15.27
PMC4835422.txt	automated_readability_index	17.7
PMC4835422.txt	coleman_liau_index	15.61
PMC4835423.txt	flesch_reading_ease	206.84
PMC4835424.txt	flesch_reading_ease	23.6
PMC4835424.txt	gunning_fog	16.24
PMC4835424.txt	automated_readability_index	22.2
PMC4835424.txt	coleman_liau_index	17.13
PMC4837763.txt	flesch_reading_ease	33.78
PMC4837763.txt	gunning_fog	15.94
PMC4837763.txt	automated_readability_index	19.7
PMC4837763.txt	coleman_liau_index	15.1
PMC4837764.txt	flesch_reading_ease	41.43
PMC4837764.txt	gunning_fog	15.05
PMC4837764.txt	automated_readability_index	20.8
PMC4837764.txt	coleman_liau_index	15.15
PMC4902798.txt	flesch_reading_ease	25.53
PMC4902798.txt	gunning_fog	17.99
PMC4902798.txt	automated_readability_index	22.0
PMC4902798.txt	coleman_liau_index	17.76
PMC4902799.txt	flesch_reading_ease	16.83
PMC4902799.txt	gunning_fog	16.59
PMC4902799.txt	automated_readability_index	19.0
PMC4902799.txt	coleman_liau_index	18.91
PMC4903100.txt	flesch_reading_ease	32.67
PMC4903100.txt	gunning_fog	16.19
PMC4903100.txt	automated_readability_index	20.5
PMC4903100.txt	coleman_liau_index	15.39
PMC4908033.txt	flesch_reading_ease	206.84
PMC4909018.txt	flesch_reading_ease	22.58
PMC4909018.txt	gunning_fog	16.66
PMC4909018.txt	automated_readability_index	22.0
PMC4909018.txt	coleman_liau_index	16.08
PMC4909019.txt	flesch_reading_ease	25.19
PMC4909019.txt	gunning_fog	17.93
PMC4909019.txt	automated_readability_index	19.8
PMC4909019.txt	coleman_liau_index	19.78
PMC4909020.txt	flesch_reading_ease	206.84
PMC4909021.txt	flesch_reading_ease	27.15
PMC4909021.txt	gunning_fog	16.33
PMC4909021.txt	automated_readability_index	20.9
PMC4909021.txt	coleman_liau_index	17.12
PMC4909022.txt	flesch_reading_ease	24.68
PMC4909022.txt	gunning_fog	17.09
PMC4909022.txt	automated_readability_index	18.8
PMC4909022.txt	coleman_liau_index	18.51
PMC4909023.txt	flesch_reading_ease	32.77
PMC4909023.txt	gunning_fog	15.81
PMC4909023.txt	automated_readability_index	20.0
PMC4909023.txt	coleman_liau_index	14.75
PMC4909024.txt	flesch_reading_ease	206.84
PMC4909025.txt	flesch_reading_ease	31.85
PMC4909025.txt	gunning_fog	16.74
PMC4909025.txt	automated_readability_index	20.9
PMC4909025.txt	coleman_liau_index	15.33
PMC4909026.txt	flesch_reading_ease	11.72
PMC4909026.txt	gunning_fog	22.22
PMC4909026.txt	automated_readability_index	27.7
PMC4909026.txt	coleman_liau_index	17.07
PMC4909027.txt	flesch_reading_ease	26.14
PMC4909027.txt	gunning_fog	17.92
PMC4909027.txt	automated_readability_index	21.3
PMC4909027.txt	coleman_liau_index	17.53
PMC4909028.txt	flesch_reading_ease	14.53
PMC4909028.txt	gunning_fog	19.69
PMC4909028.txt	automated_readability_index	22.1
PMC4909028.txt	coleman_liau_index	16.49
PMC4909029.txt	flesch_reading_ease	27.66
PMC4909029.txt	gunning_fog	15.9
PMC4909029.txt	automated_readability_index	19.6
PMC4909029.txt	coleman_liau_index	16.02
PMC4909030.txt	flesch_reading_ease	25.73
PMC4909030.txt	gunning_fog	17.51
PMC4909030.txt	automated_readability_index	21.2
PMC4909030.txt	coleman_liau_index	16.71
PMC4909031.txt	flesch_reading_ease	27.66
PMC4909031.txt	gunning_fog	16.9
PMC4909031.txt	automated_readability_index	20.8
PMC4909031.txt	coleman_liau_index	17.7
PMC4909032.txt	flesch_reading_ease	19.5
PMC4909032.txt	gunning_fog	18.54
PMC4909032.txt	automated_readability_index	20.3
PMC4909032.txt	coleman_liau_index	17.24
PMC4910840.txt	flesch_reading_ease	36.83
PMC4910840.txt	gunning_fog	17.12
PMC4910840.txt	automated_readability_index	19.6
PMC4910840.txt	coleman_liau_index	16.95
PMC4912962.txt	flesch_reading_ease	33.17
PMC4912962.txt	gunning_fog	18.21
PMC4912962.txt	automated_readability_index	21.8
PMC4912962.txt	coleman_liau_index	16.72
PMC4914487.txt	flesch_reading_ease	18.69
PMC4914487.txt	gunning_fog	19.1
PMC4914487.txt	automated_readability_index	22.5
PMC4914487.txt	coleman_liau_index	19.79
PMC4917499.txt	flesch_reading_ease	33.04
PMC4917499.txt	gunning_fog	14.84
PMC4917499.txt	automated_readability_index	16.5
PMC4917499.txt	coleman_liau_index	15.14
PMC4917500.txt	flesch_reading_ease	29.01
PMC4917500.txt	gunning_fog	18.23
PMC4917500.txt	automated_readability_index	22.3
PMC4917500.txt	coleman_liau_index	15.21
PMC4919136.txt	flesch_reading_ease	34.12
PMC4919136.txt	gunning_fog	18.99
PMC4919136.txt	automated_readability_index	22.2
PMC4919136.txt	coleman_liau_index	13.36
PMC4919137.txt	flesch_reading_ease	36.12
PMC4919137.txt	gunning_fog	16.11
PMC4919137.txt	automated_readability_index	17.8
PMC4919137.txt	coleman_liau_index	13.99
PMC4919138.txt	flesch_reading_ease	35.47
PMC4919138.txt	gunning_fog	16.28
PMC4919138.txt	automated_readability_index	17.4
PMC4919138.txt	coleman_liau_index	17.46
PMC4919139.txt	flesch_reading_ease	15.68
PMC4919139.txt	gunning_fog	21.93
PMC4919139.txt	automated_readability_index	25.4
PMC4919139.txt	coleman_liau_index	16.31
PMC4919140.txt	flesch_reading_ease	43.53
PMC4919140.txt	gunning_fog	14.97
PMC4919140.txt	automated_readability_index	16.8
PMC4919140.txt	coleman_liau_index	16.59
PMC4919949.txt	flesch_reading_ease	27.39
PMC4919949.txt	gunning_fog	20.05
PMC4919949.txt	automated_readability_index	22.9
PMC4919949.txt	coleman_liau_index	14.81
PMC4919950.txt	flesch_reading_ease	206.84
PMC4920701.txt	flesch_reading_ease	32.16
PMC4920701.txt	gunning_fog	16.97
PMC4920701.txt	automated_readability_index	21.5
PMC4920701.txt	coleman_liau_index	16.2
PMC4925569.txt	flesch_reading_ease	21.47
PMC4925569.txt	gunning_fog	18.99
PMC4925569.txt	automated_readability_index	24.3
PMC4925569.txt	coleman_liau_index	17.76
PMC4927439.txt	flesch_reading_ease	35.41
PMC4927439.txt	gunning_fog	15.66
PMC4927439.txt	automated_readability_index	19.3
PMC4927439.txt	coleman_liau_index	14.97
PMC4929084.txt	gunning_fog	27.15
PMC4929084.txt	automated_readability_index	27.5
PMC4929084.txt	coleman_liau_index	23.04
PMC4936968.txt	flesch_reading_ease	19.74
PMC4936968.txt	gunning_fog	18.56
PMC4936968.txt	automated_readability_index	22.5
PMC4936968.txt	coleman_liau_index	14.98
PMC4940232.txt	flesch_reading_ease	21.26
PMC4940232.txt	gunning_fog	18.89
PMC4940232.txt	automated_readability_index	23.5
PMC4940232.txt	coleman_liau_index	17.3
PMC4947050.txt	flesch_reading_ease	18.12
PMC4947050.txt	gunning_fog	19.48
PMC4947050.txt	automated_readability_index	24.7
PMC4947050.txt	coleman_liau_index	16.66
PMC4949164.txt	flesch_reading_ease	22.18
PMC4949164.txt	gunning_fog	17.06
PMC4949164.txt	automated_readability_index	22.5
PMC4949164.txt	coleman_liau_index	16.31
PMC4951380.txt	flesch_reading_ease	20.65
PMC4951380.txt	gunning_fog	20.31
PMC4951380.txt	automated_readability_index	26.2
PMC4951380.txt	coleman_liau_index	19.1
PMC4951381.txt	flesch_reading_ease	29.99
PMC4951381.txt	gunning_fog	14.1
PMC4951381.txt	automated_readability_index	18.1
PMC4951381.txt	coleman_liau_index	15.73
PMC4961627.txt	flesch_reading_ease	25.93
PMC4961627.txt	gunning_fog	17.41
PMC4961627.txt	automated_readability_index	20.9
PMC4961627.txt	coleman_liau_index	16.71
PMC4963327.txt	flesch_reading_ease	19.13
PMC4963327.txt	gunning_fog	19.37
PMC4963327.txt	automated_readability_index	25.1
PMC4963327.txt	coleman_liau_index	17.82
PMC4973466.txt	flesch_reading_ease	10.13
PMC4973466.txt	gunning_fog	19.53
PMC4973466.txt	automated_readability_index	23.0
PMC4973466.txt	coleman_liau_index	19.79
PMC4975724.txt	flesch_reading_ease	35.41
PMC4975724.txt	gunning_fog	14.96
PMC4975724.txt	automated_readability_index	19.2
PMC4975724.txt	coleman_liau_index	15.09
PMC4976055.txt	flesch_reading_ease	32.97
PMC4976055.txt	gunning_fog	16.34
PMC4976055.txt	automated_readability_index	20.2
PMC4976055.txt	coleman_liau_index	15.39
PMC4977228.txt	flesch_reading_ease	37.94
PMC4977228.txt	gunning_fog	15.55
PMC4977228.txt	automated_readability_index	18.1
PMC4977228.txt	coleman_liau_index	15.44
PMC4978644.txt	flesch_reading_ease	206.84
PMC4978645.txt	flesch_reading_ease	33.38
PMC4978645.txt	gunning_fog	18.8
PMC4978645.txt	automated_readability_index	20.8
PMC4978645.txt	coleman_liau_index	15.5
PMC4980834.txt	flesch_reading_ease	32.57
PMC4980834.txt	gunning_fog	17.28
PMC4980834.txt	automated_readability_index	20.1
PMC4980834.txt	coleman_liau_index	14.98
PMC4980835.txt	flesch_reading_ease	30.4
PMC4980835.txt	gunning_fog	15.92
PMC4980835.txt	automated_readability_index	19.7
PMC4980835.txt	coleman_liau_index	17.64
PMC4987631.txt	flesch_reading_ease	21.67
PMC4987631.txt	gunning_fog	16.82
PMC4987631.txt	automated_readability_index	22.8
PMC4987631.txt	coleman_liau_index	16.55
PMC4987632.txt	flesch_reading_ease	31.25
PMC4987632.txt	gunning_fog	17.87
PMC4987632.txt	automated_readability_index	21.2
PMC4987632.txt	coleman_liau_index	15.39
PMC4987633.txt	flesch_reading_ease	206.84
PMC4987634.txt	flesch_reading_ease	38.66
PMC4987634.txt	gunning_fog	15.22
PMC4987634.txt	automated_readability_index	17.1
PMC4987634.txt	coleman_liau_index	14.51
PMC4987635.txt	flesch_reading_ease	39.77
PMC4987635.txt	gunning_fog	14.84
PMC4987635.txt	automated_readability_index	18.2
PMC4987635.txt	coleman_liau_index	16.95
PMC4987636.txt	flesch_reading_ease	21.57
PMC4987636.txt	gunning_fog	20.13
PMC4987636.txt	automated_readability_index	24.0
PMC4987636.txt	coleman_liau_index	17.53
PMC4988954.txt	flesch_reading_ease	17.47
PMC4988954.txt	gunning_fog	18.03
PMC4988954.txt	automated_readability_index	22.1
PMC4988954.txt	coleman_liau_index	18.28
PMC4990519.txt	flesch_reading_ease	24.71
PMC4990519.txt	gunning_fog	16.74
PMC4990519.txt	automated_readability_index	20.6
PMC4990519.txt	coleman_liau_index	15.62
PMC4991975.txt	flesch_reading_ease	9.22
PMC4991975.txt	gunning_fog	21.49
PMC4991975.txt	automated_readability_index	23.4
PMC4991975.txt	coleman_liau_index	19.9
PMC4992475.txt	flesch_reading_ease	15.68
PMC4992475.txt	gunning_fog	20.18
PMC4992475.txt	automated_readability_index	24.9
PMC4992475.txt	coleman_liau_index	15.79
PMC4992476.txt	flesch_reading_ease	34.49
PMC4992476.txt	gunning_fog	15.25
PMC4992476.txt	automated_readability_index	21.2
PMC4992476.txt	coleman_liau_index	16.66
PMC4993716.txt	flesch_reading_ease	20.65
PMC4993716.txt	gunning_fog	19.05
PMC4993716.txt	automated_readability_index	23.1
PMC4993716.txt	coleman_liau_index	16.43
PMC4993717.txt	flesch_reading_ease	24.88
PMC4993717.txt	gunning_fog	16.5
PMC4993717.txt	automated_readability_index	19.0
PMC4993717.txt	coleman_liau_index	18.56
PMC4996780.txt	flesch_reading_ease	31.51
PMC4996780.txt	gunning_fog	17.29
PMC4996780.txt	automated_readability_index	17.6
PMC4996780.txt	coleman_liau_index	15.79
PMC4999571.txt	flesch_reading_ease	43.73
PMC4999571.txt	gunning_fog	12.73
PMC4999571.txt	automated_readability_index	15.0
PMC4999571.txt	coleman_liau_index	14.5
PMC5001957.txt	flesch_reading_ease	29.22
PMC5001957.txt	gunning_fog	19.06
PMC5001957.txt	automated_readability_index	22.7
PMC5001957.txt	coleman_liau_index	15.68
PMC5002271.txt	flesch_reading_ease	22.99
PMC5002271.txt	gunning_fog	18.15
PMC5002271.txt	automated_readability_index	21.1
PMC5002271.txt	coleman_liau_index	15.44
PMC5002272.txt	flesch_reading_ease	43.56
PMC5002272.txt	gunning_fog	14.61
PMC5002272.txt	automated_readability_index	18.8
PMC5002272.txt	coleman_liau_index	14.39
PMC5003783.txt	flesch_reading_ease	27.05
PMC5003783.txt	gunning_fog	17.36
PMC5003783.txt	automated_readability_index	19.8
PMC5003783.txt	coleman_liau_index	15.84
PMC5005230.txt	flesch_reading_ease	33.07
PMC5005230.txt	gunning_fog	16.59
PMC5005230.txt	automated_readability_index	19.7
PMC5005230.txt	coleman_liau_index	14.28
PMC5007222.txt	flesch_reading_ease	28.51
PMC5007222.txt	gunning_fog	18.31
PMC5007222.txt	automated_readability_index	24.3
PMC5007222.txt	coleman_liau_index	16.66
PMC5009053.txt	flesch_reading_ease	23.87
PMC5009053.txt	gunning_fog	15.54
PMC5009053.txt	automated_readability_index	19.3
PMC5009053.txt	coleman_liau_index	18.51
PMC5009054.txt	flesch_reading_ease	17.78
PMC5009054.txt	gunning_fog	16.74
PMC5009054.txt	automated_readability_index	20.7
PMC5009054.txt	coleman_liau_index	16.89
PMC5010537.txt	flesch_reading_ease	15.65
PMC5010537.txt	gunning_fog	20.51
PMC5010537.txt	automated_readability_index	23.0
PMC5010537.txt	coleman_liau_index	17.94
PMC5010538.txt	flesch_reading_ease	22.99
PMC5010538.txt	gunning_fog	19.21
PMC5010538.txt	automated_readability_index	21.6
PMC5010538.txt	coleman_liau_index	15.91
PMC5010539.txt	flesch_reading_ease	35.71
PMC5010539.txt	gunning_fog	16.02
PMC5010539.txt	automated_readability_index	20.3
PMC5010539.txt	coleman_liau_index	16.19
PMC5010821.txt	flesch_reading_ease	8.2
PMC5010821.txt	gunning_fog	18.01
PMC5010821.txt	automated_readability_index	23.4
PMC5010821.txt	coleman_liau_index	18.98
PMC5012992.txt	flesch_reading_ease	45.09
PMC5012992.txt	gunning_fog	14.53
PMC5012992.txt	automated_readability_index	17.3
PMC5012992.txt	coleman_liau_index	13.87
PMC5014765.txt	flesch_reading_ease	8.98
PMC5014765.txt	gunning_fog	25.39
PMC5014765.txt	automated_readability_index	29.2
PMC5014765.txt	coleman_liau_index	17.31
PMC5014766.txt	flesch_reading_ease	28.57
PMC5014766.txt	gunning_fog	16.87
PMC5014766.txt	automated_readability_index	19.6
PMC5014766.txt	coleman_liau_index	16.66
PMC5014767.txt	flesch_reading_ease	40.38
PMC5014767.txt	gunning_fog	13.08
PMC5014767.txt	automated_readability_index	17.6
PMC5014767.txt	coleman_liau_index	16.02
PMC5019970.txt	flesch_reading_ease	35.71
PMC5019970.txt	gunning_fog	16.55
PMC5019970.txt	automated_readability_index	19.1
PMC5019970.txt	coleman_liau_index	15.38
PMC5025398.txt	flesch_reading_ease	34.39
PMC5025398.txt	gunning_fog	16.63
PMC5025398.txt	automated_readability_index	18.8
PMC5025398.txt	coleman_liau_index	14.05
PMC5031560.txt	flesch_reading_ease	27.05
PMC5031560.txt	gunning_fog	16.88
PMC5031560.txt	automated_readability_index	19.7
PMC5031560.txt	coleman_liau_index	15.79
PMC5031561.txt	flesch_reading_ease	28.2
PMC5031561.txt	gunning_fog	19.63
PMC5031561.txt	automated_readability_index	22.2
PMC5031561.txt	coleman_liau_index	14.17
PMC5033773.txt	flesch_reading_ease	28.3
PMC5033773.txt	gunning_fog	18.56
PMC5033773.txt	automated_readability_index	22.4
PMC5033773.txt	coleman_liau_index	14.57
PMC5033774.txt	flesch_reading_ease	17.57
PMC5033774.txt	gunning_fog	18.09
PMC5033774.txt	automated_readability_index	21.9
PMC5033774.txt	coleman_liau_index	18.05
PMC5033775.txt	flesch_reading_ease	17.27
PMC5033775.txt	gunning_fog	20.11
PMC5033775.txt	automated_readability_index	22.8
PMC5033775.txt	coleman_liau_index	18.69
PMC5035287.txt	flesch_reading_ease	36.22
PMC5035287.txt	gunning_fog	15.95
PMC5035287.txt	automated_readability_index	18.0
PMC5035287.txt	coleman_liau_index	13.93
PMC5037110.txt	flesch_reading_ease	46.81
PMC5037110.txt	gunning_fog	14.31
PMC5037110.txt	automated_readability_index	17.2
PMC5037110.txt	coleman_liau_index	14.45
PMC5037111.txt	flesch_reading_ease	30.2
PMC5037111.txt	gunning_fog	16.46
PMC5037111.txt	automated_readability_index	18.6
PMC5037111.txt	coleman_liau_index	16.71
PMC5039138.txt	flesch_reading_ease	27.25
PMC5039138.txt	gunning_fog	14.67
PMC5039138.txt	automated_readability_index	19.2
PMC5039138.txt	coleman_liau_index	15.32
PMC5040645.txt	flesch_reading_ease	27.45
PMC5040645.txt	gunning_fog	16.62
PMC5040645.txt	automated_readability_index	19.5
PMC5040645.txt	coleman_liau_index	15.96
PMC5042905.txt	flesch_reading_ease	20.65
PMC5042905.txt	gunning_fog	18.56
PMC5042905.txt	automated_readability_index	22.3
PMC5042905.txt	coleman_liau_index	15.56
PMC5042906.txt	flesch_reading_ease	32.67
PMC5042906.txt	gunning_fog	16.64
PMC5042906.txt	automated_readability_index	19.6
PMC5042906.txt	coleman_liau_index	14.17
PMC5042907.txt	flesch_reading_ease	206.84
PMC5045834.txt	flesch_reading_ease	32.46
PMC5045834.txt	gunning_fog	16.97
PMC5045834.txt	automated_readability_index	21.1
PMC5045834.txt	coleman_liau_index	16.02
PMC5047857.txt	flesch_reading_ease	206.84
PMC5052222.txt	flesch_reading_ease	27.15
PMC5052222.txt	gunning_fog	15.71
PMC5052222.txt	automated_readability_index	20.3
PMC5052222.txt	coleman_liau_index	16.6
PMC5052223.txt	flesch_reading_ease	30.91
PMC5052223.txt	gunning_fog	14.26
PMC5052223.txt	automated_readability_index	18.3
PMC5052223.txt	coleman_liau_index	16.66
PMC5053953.txt	flesch_reading_ease	34.9
PMC5053953.txt	gunning_fog	16.92
PMC5053953.txt	automated_readability_index	19.6
PMC5053953.txt	coleman_liau_index	15.26
PMC5055485.txt	flesch_reading_ease	28.98
PMC5055485.txt	gunning_fog	18.65
PMC5055485.txt	automated_readability_index	19.9
PMC5055485.txt	coleman_liau_index	17.76
PMC5055876.txt	flesch_reading_ease	34.83
PMC5055876.txt	gunning_fog	18.23
PMC5055876.txt	automated_readability_index	22.6
PMC5055876.txt	coleman_liau_index	14.28
PMC5055877.txt	flesch_reading_ease	5.26
PMC5055877.txt	gunning_fog	21.08
PMC5055877.txt	automated_readability_index	24.9
PMC5055877.txt	coleman_liau_index	19.91
PMC5061651.txt	flesch_reading_ease	30.64
PMC5061651.txt	gunning_fog	17.1
PMC5061651.txt	automated_readability_index	21.0
PMC5061651.txt	coleman_liau_index	14.69
PMC5061652.txt	flesch_reading_ease	25.42
PMC5061652.txt	gunning_fog	16.68
PMC5061652.txt	automated_readability_index	20.2
PMC5061652.txt	coleman_liau_index	15.91
PMC5065543.txt	flesch_reading_ease	36.59
PMC5065543.txt	gunning_fog	15.0
PMC5065543.txt	automated_readability_index	13.9
PMC5065543.txt	coleman_liau_index	14.44
PMC5065882.txt	flesch_reading_ease	15.85
PMC5065882.txt	gunning_fog	18.64
PMC5065882.txt	automated_readability_index	22.1
PMC5065882.txt	coleman_liau_index	17.18
PMC5067261.txt	flesch_reading_ease	36.93
PMC5067261.txt	gunning_fog	14.66
PMC5067261.txt	automated_readability_index	18.5
PMC5067261.txt	coleman_liau_index	15.44
PMC5071267.txt	flesch_reading_ease	29.08
PMC5071267.txt	gunning_fog	16.24
PMC5071267.txt	automated_readability_index	19.7
PMC5071267.txt	coleman_liau_index	16.71
PMC5071268.txt	flesch_reading_ease	18.89
PMC5071268.txt	gunning_fog	16.43
PMC5071268.txt	automated_readability_index	22.2
PMC5071268.txt	coleman_liau_index	19.03
PMC5073079.txt	flesch_reading_ease	24.71
PMC5073079.txt	gunning_fog	17.48
PMC5073079.txt	automated_readability_index	22.7
PMC5073079.txt	coleman_liau_index	18.23
PMC5080269.txt	flesch_reading_ease	35.0
PMC5080269.txt	gunning_fog	16.61
PMC5080269.txt	automated_readability_index	18.9
PMC5080269.txt	coleman_liau_index	14.74
PMC5082039.txt	flesch_reading_ease	18.52
PMC5082039.txt	gunning_fog	20.48
PMC5082039.txt	automated_readability_index	24.7
PMC5082039.txt	coleman_liau_index	16.72
PMC5083679.txt	flesch_reading_ease	32.16
PMC5083679.txt	gunning_fog	17.82
PMC5083679.txt	automated_readability_index	20.4
PMC5083679.txt	coleman_liau_index	14.86
PMC5088179.txt	flesch_reading_ease	33.68
PMC5088179.txt	gunning_fog	17.33
PMC5088179.txt	automated_readability_index	20.1
PMC5088179.txt	coleman_liau_index	15.62
PMC5088180.txt	flesch_reading_ease	206.84
PMC5095100.txt	flesch_reading_ease	22.68
PMC5095100.txt	gunning_fog	18.42
PMC5095100.txt	automated_readability_index	23.2
PMC5095100.txt	coleman_liau_index	17.3
PMC5095101.txt	flesch_reading_ease	26.03
PMC5095101.txt	gunning_fog	15.85
PMC5095101.txt	automated_readability_index	20.9
PMC5095101.txt	coleman_liau_index	16.42
PMC5106401.txt	flesch_reading_ease	41.7
PMC5106401.txt	gunning_fog	15.2
PMC5106401.txt	automated_readability_index	17.4
PMC5106401.txt	coleman_liau_index	16.07
PMC5106402.txt	flesch_reading_ease	31.25
PMC5106402.txt	gunning_fog	17.48
PMC5106402.txt	automated_readability_index	22.1
PMC5106402.txt	coleman_liau_index	16.37
PMC5110483.txt	flesch_reading_ease	33.48
PMC5110483.txt	gunning_fog	17.41
PMC5110483.txt	automated_readability_index	19.0
PMC5110483.txt	coleman_liau_index	14.17
PMC5112184.txt	flesch_reading_ease	11.32
PMC5112184.txt	gunning_fog	21.18
PMC5112184.txt	automated_readability_index	28.3
PMC5112184.txt	coleman_liau_index	17.07
PMC5112185.txt	flesch_reading_ease	43.97
PMC5112185.txt	gunning_fog	14.87
PMC5112185.txt	automated_readability_index	17.6
PMC5112185.txt	coleman_liau_index	13.18
PMC5114210.txt	flesch_reading_ease	37.13
PMC5114210.txt	gunning_fog	15.23
PMC5114210.txt	automated_readability_index	17.5
PMC5114210.txt	coleman_liau_index	14.34
PMC5114211.txt	flesch_reading_ease	20.35
PMC5114211.txt	gunning_fog	19.82
PMC5114211.txt	automated_readability_index	24.3
PMC5114211.txt	coleman_liau_index	17.59
PMC5114212.txt	flesch_reading_ease	24.21
PMC5114212.txt	gunning_fog	17.32
PMC5114212.txt	automated_readability_index	21.6
PMC5114212.txt	coleman_liau_index	16.78
PMC5116299.txt	flesch_reading_ease	18.62
PMC5116299.txt	gunning_fog	20.66
PMC5116299.txt	automated_readability_index	24.6
PMC5116299.txt	coleman_liau_index	17.42
PMC5120031.txt	flesch_reading_ease	31.72
PMC5120031.txt	gunning_fog	15.04
PMC5120031.txt	automated_readability_index	17.7
PMC5120031.txt	coleman_liau_index	16.48
PMC5122522.txt	flesch_reading_ease	206.84
PMC5125159.txt	flesch_reading_ease	206.84
PMC5125160.txt	flesch_reading_ease	36.12
PMC5125160.txt	gunning_fog	15.87
PMC5125160.txt	automated_readability_index	18.4
PMC5125160.txt	coleman_liau_index	14.51
PMC5135702.txt	flesch_reading_ease	35.78
PMC5135702.txt	gunning_fog	11.71
PMC5135702.txt	automated_readability_index	15.3
PMC5135702.txt	coleman_liau_index	15.2
PMC5135703.txt	flesch_reading_ease	16.76
PMC5135703.txt	gunning_fog	19.7
PMC5135703.txt	automated_readability_index	20.9
PMC5135703.txt	coleman_liau_index	17.01
PMC5135704.txt	flesch_reading_ease	37.03
PMC5135704.txt	gunning_fog	14.41
PMC5135704.txt	automated_readability_index	17.5
PMC5135704.txt	coleman_liau_index	13.93
PMC5135705.txt	flesch_reading_ease	32.97
PMC5135705.txt	gunning_fog	16.64
PMC5135705.txt	automated_readability_index	20.6
PMC5135705.txt	coleman_liau_index	15.85
PMC5143338.txt	flesch_reading_ease	34.49
PMC5143338.txt	gunning_fog	15.09
PMC5143338.txt	automated_readability_index	19.4
PMC5143338.txt	coleman_liau_index	15.03
PMC5148754.txt	flesch_reading_ease	18.12
PMC5148754.txt	gunning_fog	21.76
PMC5148754.txt	automated_readability_index	25.9
PMC5148754.txt	coleman_liau_index	17.88
PMC5149122.txt	flesch_reading_ease	17.57
PMC5149122.txt	gunning_fog	19.01
PMC5149122.txt	automated_readability_index	23.0
PMC5149122.txt	coleman_liau_index	18.98
PMC5234526.txt	flesch_reading_ease	15.85
PMC5234526.txt	gunning_fog	17.11
PMC5234526.txt	automated_readability_index	22.8
PMC5234526.txt	coleman_liau_index	18.29
PMC5234527.txt	flesch_reading_ease	206.84
PMC5234528.txt	flesch_reading_ease	29.11
PMC5234528.txt	gunning_fog	17.98
PMC5234528.txt	automated_readability_index	22.9
PMC5234528.txt	coleman_liau_index	16.08
PMC5234529.txt	flesch_reading_ease	22.79
PMC5234529.txt	gunning_fog	18.23
PMC5234529.txt	automated_readability_index	22.4
PMC5234529.txt	coleman_liau_index	16.55
PMC5234530.txt	flesch_reading_ease	206.84
PMC5234531.txt	flesch_reading_ease	37.44
PMC5234531.txt	gunning_fog	15.21
PMC5234531.txt	automated_readability_index	17.4
PMC5234531.txt	coleman_liau_index	13.99
PMC5234532.txt	flesch_reading_ease	20.89
PMC5234532.txt	gunning_fog	21.36
PMC5234532.txt	automated_readability_index	26.1
PMC5234532.txt	coleman_liau_index	15.33
PMC5383788.txt	flesch_reading_ease	32.46
PMC5383788.txt	gunning_fog	17.11
PMC5383788.txt	automated_readability_index	20.3
PMC5383788.txt	coleman_liau_index	15.04
PMC5383789.txt	flesch_reading_ease	16.9
PMC5383789.txt	gunning_fog	20.59
PMC5383789.txt	automated_readability_index	23.7
PMC5383789.txt	coleman_liau_index	14.69
PMC5383790.txt	flesch_reading_ease	31.55
PMC5383790.txt	gunning_fog	17.83
PMC5383790.txt	automated_readability_index	21.6
PMC5383790.txt	coleman_liau_index	16.31
PMC5385169.txt	flesch_reading_ease	43.26
PMC5385169.txt	gunning_fog	15.8
PMC5385169.txt	automated_readability_index	18.0
PMC5385169.txt	coleman_liau_index	12.83
PMC5385170.txt	flesch_reading_ease	32.97
PMC5385170.txt	gunning_fog	17.15
PMC5385170.txt	automated_readability_index	20.2
PMC5385170.txt	coleman_liau_index	15.21
PMC5385171.txt	flesch_reading_ease	34.49
PMC5385171.txt	gunning_fog	16.87
PMC5385171.txt	automated_readability_index	19.1
PMC5385171.txt	coleman_liau_index	14.68
PMC5385172.txt	flesch_reading_ease	17.07
PMC5385172.txt	gunning_fog	19.65
PMC5385172.txt	automated_readability_index	23.1
PMC5385172.txt	coleman_liau_index	19.79
PMC5385173.txt	flesch_reading_ease	35.31
PMC5385173.txt	gunning_fog	15.63
PMC5385173.txt	automated_readability_index	19.0
PMC5385173.txt	coleman_liau_index	14.74
PMC5385174.txt	flesch_reading_ease	24.58
PMC5385174.txt	gunning_fog	17.61
PMC5385174.txt	automated_readability_index	19.1
PMC5385174.txt	coleman_liau_index	18.91
PMC5385175.txt	flesch_reading_ease	20.45
PMC5385175.txt	gunning_fog	18.69
PMC5385175.txt	automated_readability_index	23.4
PMC5385175.txt	coleman_liau_index	16.43
PMC5385176.txt	flesch_reading_ease	19.5
PMC5385176.txt	gunning_fog	20.56
PMC5385176.txt	automated_readability_index	21.8
PMC5385176.txt	coleman_liau_index	19.44
PMC5385177.txt	flesch_reading_ease	31.14
PMC5385177.txt	gunning_fog	17.73
PMC5385177.txt	automated_readability_index	23.9
PMC5385177.txt	coleman_liau_index	17.36
PMC5385178.txt	flesch_reading_ease	43.09
PMC5385178.txt	gunning_fog	18.35
PMC5385178.txt	automated_readability_index	22.6
PMC5385178.txt	coleman_liau_index	13.59
PMC5385179.txt	flesch_reading_ease	45.15
PMC5385179.txt	gunning_fog	13.12
PMC5385179.txt	automated_readability_index	14.1
PMC5385179.txt	coleman_liau_index	14.38
PMC5385180.txt	flesch_reading_ease	16.15
PMC5385180.txt	gunning_fog	17.52
PMC5385180.txt	automated_readability_index	22.2
PMC5385180.txt	coleman_liau_index	17.71
PMC5385181.txt	flesch_reading_ease	38.49
PMC5385181.txt	gunning_fog	16.99
PMC5385181.txt	automated_readability_index	20.5
PMC5385181.txt	coleman_liau_index	13.7
PMC5385182.txt	flesch_reading_ease	15.75
PMC5385182.txt	gunning_fog	19.16
PMC5385182.txt	automated_readability_index	23.1
PMC5385182.txt	coleman_liau_index	18.4
PMC5385183.txt	flesch_reading_ease	40.11
PMC5385183.txt	gunning_fog	17.06
PMC5385183.txt	automated_readability_index	19.4
PMC5385183.txt	coleman_liau_index	13.7
PMC5388647.txt	flesch_reading_ease	29.18
PMC5388647.txt	gunning_fog	16.75
PMC5388647.txt	automated_readability_index	20.8
PMC5388647.txt	coleman_liau_index	18.11
PMC5388648.txt	flesch_reading_ease	44.88
PMC5388648.txt	gunning_fog	14.57
PMC5388648.txt	automated_readability_index	18.3
PMC5388648.txt	coleman_liau_index	14.74
PMC5388649.txt	flesch_reading_ease	14.73
PMC5388649.txt	gunning_fog	19.28
PMC5388649.txt	automated_readability_index	23.3
PMC5388649.txt	coleman_liau_index	18.0
PMC5388650.txt	flesch_reading_ease	56.79
PMC5388650.txt	gunning_fog	13.21
PMC5388650.txt	automated_readability_index	15.5
PMC5388650.txt	coleman_liau_index	12.83
PMC5388651.txt	flesch_reading_ease	31.62
PMC5388651.txt	gunning_fog	15.33
PMC5388651.txt	automated_readability_index	17.8
PMC5388651.txt	coleman_liau_index	16.25
PMC5388652.txt	flesch_reading_ease	32.94
PMC5388652.txt	gunning_fog	15.87
PMC5388652.txt	automated_readability_index	18.5
PMC5388652.txt	coleman_liau_index	17.69
PMC5388653.txt	flesch_reading_ease	17.37
PMC5388653.txt	gunning_fog	16.35
PMC5388653.txt	automated_readability_index	20.8
PMC5388653.txt	coleman_liau_index	16.71
PMC5388654.txt	flesch_reading_ease	27.86
PMC5388654.txt	gunning_fog	17.82
PMC5388654.txt	automated_readability_index	20.3
PMC5388654.txt	coleman_liau_index	17.06
PMC5388655.txt	flesch_reading_ease	29.48
PMC5388655.txt	gunning_fog	16.7
PMC5388655.txt	automated_readability_index	17.9
PMC5388655.txt	coleman_liau_index	15.03
PMC5388656.txt	flesch_reading_ease	30.8
PMC5388656.txt	gunning_fog	15.81
PMC5388656.txt	automated_readability_index	20.6
PMC5388656.txt	coleman_liau_index	18.57
PMC5388657.txt	flesch_reading_ease	36.02
PMC5388657.txt	gunning_fog	16.66
PMC5388657.txt	automated_readability_index	20.4
PMC5388657.txt	coleman_liau_index	16.31
PMC5388658.txt	flesch_reading_ease	33.14
PMC5388658.txt	gunning_fog	14.91
PMC5388658.txt	automated_readability_index	17.3
PMC5388658.txt	coleman_liau_index	16.3
PMC5388659.txt	flesch_reading_ease	21.77
PMC5388659.txt	gunning_fog	19.79
PMC5388659.txt	automated_readability_index	23.5
PMC5388659.txt	coleman_liau_index	17.88
PMC5388660.txt	flesch_reading_ease	26.34
PMC5388660.txt	gunning_fog	18.22
PMC5388660.txt	automated_readability_index	19.8
PMC5388660.txt	coleman_liau_index	15.5
PMC5391368.txt	flesch_reading_ease	18.99
PMC5391368.txt	gunning_fog	17.2
PMC5391368.txt	automated_readability_index	21.8
PMC5391368.txt	coleman_liau_index	18.34
PMC5391369.txt	flesch_reading_ease	13.07
PMC5391369.txt	gunning_fog	16.68
PMC5391369.txt	automated_readability_index	21.4
PMC5391369.txt	coleman_liau_index	19.73
PMC5391370.txt	flesch_reading_ease	22.48
PMC5391370.txt	gunning_fog	20.65
PMC5391370.txt	automated_readability_index	22.2
PMC5391370.txt	coleman_liau_index	16.55
PMC5398191.txt	flesch_reading_ease	34.6
PMC5398191.txt	gunning_fog	15.33
PMC5398191.txt	automated_readability_index	19.1
PMC5398191.txt	coleman_liau_index	14.39
PMC5398192.txt	flesch_reading_ease	22.18
PMC5398192.txt	gunning_fog	18.97
PMC5398192.txt	automated_readability_index	22.0
PMC5398192.txt	coleman_liau_index	16.02
PMC5398193.txt	flesch_reading_ease	39.6
PMC5398193.txt	gunning_fog	17.89
PMC5398193.txt	automated_readability_index	20.1
PMC5398193.txt	coleman_liau_index	14.05
PMC5398194.txt	flesch_reading_ease	38.79
PMC5398194.txt	gunning_fog	17.14
PMC5398194.txt	automated_readability_index	19.8
PMC5398194.txt	coleman_liau_index	13.18
PMC5398195.txt	flesch_reading_ease	27.39
PMC5398195.txt	gunning_fog	18.86
PMC5398195.txt	automated_readability_index	22.5
PMC5398195.txt	coleman_liau_index	14.57
PMC5398196.txt	flesch_reading_ease	38.76
PMC5398196.txt	gunning_fog	14.24
PMC5398196.txt	automated_readability_index	17.3
PMC5398196.txt	coleman_liau_index	14.34
PMC5403768.txt	flesch_reading_ease	30.13
PMC5403768.txt	gunning_fog	18.42
PMC5403768.txt	automated_readability_index	22.5
PMC5403768.txt	coleman_liau_index	15.68
PMC5429313.txt	flesch_reading_ease	35.51
PMC5429313.txt	gunning_fog	17.33
PMC5429313.txt	automated_readability_index	20.0
PMC5429313.txt	coleman_liau_index	16.25
PMC5465045.txt	flesch_reading_ease	17.41
PMC5465045.txt	gunning_fog	21.93
PMC5465045.txt	automated_readability_index	26.2
PMC5465045.txt	coleman_liau_index	17.59
PMC5493580.txt	flesch_reading_ease	31.04
PMC5493580.txt	gunning_fog	17.79
PMC5493580.txt	automated_readability_index	21.4
PMC5493580.txt	coleman_liau_index	15.33
PMC5503844.txt	flesch_reading_ease	29.72
PMC5503844.txt	gunning_fog	18.32
PMC5503844.txt	automated_readability_index	22.9
PMC5503844.txt	coleman_liau_index	16.72
PMC5503845.txt	flesch_reading_ease	29.22
PMC5503845.txt	gunning_fog	18.5
PMC5503845.txt	automated_readability_index	21.9
PMC5503845.txt	coleman_liau_index	14.75
PMC5559387.txt	flesch_reading_ease	25.76
PMC5559387.txt	gunning_fog	20.35
PMC5559387.txt	automated_readability_index	23.9
PMC5559387.txt	coleman_liau_index	14.98
PMC5567404.txt	flesch_reading_ease	54.46
PMC5567404.txt	gunning_fog	13.23
PMC5567404.txt	automated_readability_index	16.4
PMC5567404.txt	coleman_liau_index	12.54
PMC5658296.txt	flesch_reading_ease	30.4
PMC5658296.txt	gunning_fog	16.23
PMC5658296.txt	automated_readability_index	20.0
PMC5658296.txt	coleman_liau_index	18.4
PMC5766454.txt	flesch_reading_ease	18.59
PMC5766454.txt	gunning_fog	18.5
PMC5766454.txt	automated_readability_index	22.0
PMC5766454.txt	coleman_liau_index	18.28
PMC5797714.txt	flesch_reading_ease	29.01
PMC5797714.txt	gunning_fog	17.46
PMC5797714.txt	automated_readability_index	22.2
PMC5797714.txt	coleman_liau_index	15.33
PMC5801106.txt	flesch_reading_ease	24.92
PMC5801106.txt	gunning_fog	17.38
PMC5801106.txt	automated_readability_index	22.8
PMC5801106.txt	coleman_liau_index	18.05
PMC5803133.txt	flesch_reading_ease	35.0
PMC5803133.txt	gunning_fog	14.99
PMC5803133.txt	automated_readability_index	19.8
PMC5803133.txt	coleman_liau_index	15.32
PMC5804345.txt	flesch_reading_ease	33.75
PMC5804345.txt	gunning_fog	14.93
PMC5804345.txt	automated_readability_index	16.3
PMC5804345.txt	coleman_liau_index	15.9
PMC5866818.txt	flesch_reading_ease	26.24
PMC5866818.txt	gunning_fog	16.56
PMC5866818.txt	automated_readability_index	19.4
PMC5866818.txt	coleman_liau_index	15.21
PMC5874220.txt	flesch_reading_ease	14.87
PMC5874220.txt	gunning_fog	20.92
PMC5874220.txt	automated_readability_index	25.9
PMC5874220.txt	coleman_liau_index	16.72
PMC5905639.txt	flesch_reading_ease	206.84
PMC5954787.txt	flesch_reading_ease	34.8
PMC5954787.txt	gunning_fog	16.33
PMC5954787.txt	automated_readability_index	18.2
PMC5954787.txt	coleman_liau_index	13.87
PMC5954788.txt	flesch_reading_ease	24.82
PMC5954788.txt	gunning_fog	17.83
PMC5954788.txt	automated_readability_index	20.3
PMC5954788.txt	coleman_liau_index	16.14
PMC5954789.txt	flesch_reading_ease	34.86
PMC5954789.txt	gunning_fog	15.18
PMC5954789.txt	automated_readability_index	16.3
PMC5954789.txt	coleman_liau_index	16.77
PMC5954790.txt	flesch_reading_ease	16.05
PMC5954790.txt	gunning_fog	19.46
PMC5954790.txt	automated_readability_index	22.6
PMC5954790.txt	coleman_liau_index	18.69
PMC5954791.txt	flesch_reading_ease	18.32
PMC5954791.txt	gunning_fog	20.58
PMC5954791.txt	automated_readability_index	23.2
PMC5954791.txt	coleman_liau_index	15.39
PMC5954792.txt	flesch_reading_ease	28.1
PMC5954792.txt	gunning_fog	18.0
PMC5954792.txt	automated_readability_index	20.7
PMC5954792.txt	coleman_liau_index	13.18
PMC5954793.txt	flesch_reading_ease	17.37
PMC5954793.txt	gunning_fog	19.82
PMC5954793.txt	automated_readability_index	23.6
PMC5954793.txt	coleman_liau_index	19.85
PMC5954794.txt	flesch_reading_ease	206.84
PMC5954795.txt	flesch_reading_ease	30.3
PMC5954795.txt	gunning_fog	15.46
PMC5954795.txt	automated_readability_index	17.4
PMC5954795.txt	coleman_liau_index	15.5
PMC5954796.txt	flesch_reading_ease	32.22
PMC5954796.txt	gunning_fog	14.11
PMC5954796.txt	automated_readability_index	15.5
PMC5954796.txt	coleman_liau_index	14.1
PMC5954797.txt	flesch_reading_ease	39.97
PMC5954797.txt	gunning_fog	14.01
PMC5954797.txt	automated_readability_index	15.5
PMC5954797.txt	coleman_liau_index	13.93
PMC5954798.txt	flesch_reading_ease	206.84
PMC5954799.txt	flesch_reading_ease	206.84
PMC5970151.txt	flesch_reading_ease	28.71
PMC5970151.txt	gunning_fog	19.43
PMC5970151.txt	automated_readability_index	22.7
PMC5970151.txt	coleman_liau_index	15.91
PMC5984603.txt	flesch_reading_ease	26.07
PMC5984603.txt	gunning_fog	20.05
PMC5984603.txt	automated_readability_index	23.9
PMC5984603.txt	coleman_liau_index	15.44
PMC5984604.txt	flesch_reading_ease	2.48
PMC5984604.txt	gunning_fog	21.39
PMC5984604.txt	automated_readability_index	23.7
PMC5984604.txt	coleman_liau_index	21.47
PMC6027614.txt	flesch_reading_ease	20.25
PMC6027614.txt	gunning_fog	20.93
PMC6027614.txt	automated_readability_index	23.0
PMC6027614.txt	coleman_liau_index	16.37
PMC6036601.txt	flesch_reading_ease	206.84
PMC6036609.txt	flesch_reading_ease	39.47
PMC6036609.txt	gunning_fog	14.62
PMC6036609.txt	automated_readability_index	16.5
PMC6036609.txt	coleman_liau_index	14.39
PMC6036610.txt	flesch_reading_ease	16.8
PMC6036610.txt	gunning_fog	19.71
PMC6036610.txt	automated_readability_index	23.4
PMC6036610.txt	coleman_liau_index	14.92
PMC6036611.txt	flesch_reading_ease	206.84
PMC6036663.txt	flesch_reading_ease	206.84
PMC6036666.txt	flesch_reading_ease	29.28
PMC6036666.txt	gunning_fog	15.22
PMC6036666.txt	automated_readability_index	17.3
PMC6036666.txt	coleman_liau_index	14.74
PMC6036763.txt	flesch_reading_ease	18.73
PMC6036763.txt	gunning_fog	18.66
PMC6036763.txt	automated_readability_index	23.0
PMC6036763.txt	coleman_liau_index	15.56
PMC6036764.txt	flesch_reading_ease	34.29
PMC6036764.txt	gunning_fog	15.97
PMC6036764.txt	automated_readability_index	17.7
PMC6036764.txt	coleman_liau_index	13.29
PMC6036765.txt	flesch_reading_ease	39.77
PMC6036765.txt	gunning_fog	14.57
PMC6036765.txt	automated_readability_index	16.1
PMC6036765.txt	coleman_liau_index	14.51
PMC6036766.txt	flesch_reading_ease	21.57
PMC6036766.txt	gunning_fog	19.11
PMC6036766.txt	automated_readability_index	22.3
PMC6036766.txt	coleman_liau_index	16.43
PMC6036767.txt	flesch_reading_ease	14.22
PMC6036767.txt	gunning_fog	21.99
PMC6036767.txt	automated_readability_index	25.3
PMC6036767.txt	coleman_liau_index	20.49
PMC6036784.txt	flesch_reading_ease	11.99
PMC6036784.txt	gunning_fog	21.44
PMC6036784.txt	automated_readability_index	23.5
PMC6036784.txt	coleman_liau_index	17.47
PMC6037648.txt	flesch_reading_ease	19.37
PMC6037648.txt	gunning_fog	22.07
PMC6037648.txt	automated_readability_index	27.7
PMC6037648.txt	coleman_liau_index	16.09
PMC6044282.txt	flesch_reading_ease	15.24
PMC6044282.txt	gunning_fog	21.17
PMC6044282.txt	automated_readability_index	23.3
PMC6044282.txt	coleman_liau_index	18.92
PMC6081842.txt	flesch_reading_ease	3.19
PMC6081842.txt	gunning_fog	21.8
PMC6081842.txt	automated_readability_index	23.7
PMC6081842.txt	coleman_liau_index	21.99
PMC6087703.txt	flesch_reading_ease	37.94
PMC6087703.txt	gunning_fog	14.68
PMC6087703.txt	automated_readability_index	19.3
PMC6087703.txt	coleman_liau_index	15.73
PMC6097791.txt	flesch_reading_ease	29.62
PMC6097791.txt	gunning_fog	17.77
PMC6097791.txt	automated_readability_index	19.9
PMC6097791.txt	coleman_liau_index	13.18
PMC6111034.txt	flesch_reading_ease	206.84
PMC6111035.txt	flesch_reading_ease	30.03
PMC6111035.txt	gunning_fog	18.97
PMC6111035.txt	automated_readability_index	23.2
PMC6111035.txt	coleman_liau_index	16.66
PMC6162194.txt	flesch_reading_ease	36.02
PMC6162194.txt	gunning_fog	16.0
PMC6162194.txt	automated_readability_index	20.1
PMC6162194.txt	coleman_liau_index	16.48
PMC6179970.txt	flesch_reading_ease	19.64
PMC6179970.txt	gunning_fog	18.84
PMC6179970.txt	automated_readability_index	23.8
PMC6179970.txt	coleman_liau_index	17.01
PMC6191392.txt	flesch_reading_ease	36.63
PMC6191392.txt	gunning_fog	14.42
PMC6191392.txt	automated_readability_index	19.2
PMC6191392.txt	coleman_liau_index	15.67
PMC6195498.txt	flesch_reading_ease	31.28
PMC6195498.txt	gunning_fog	18.22
PMC6195498.txt	automated_readability_index	22.6
PMC6195498.txt	coleman_liau_index	12.25
PMC6197341.txt	flesch_reading_ease	35.91
PMC6197341.txt	gunning_fog	16.5
PMC6197341.txt	automated_readability_index	19.5
PMC6197341.txt	coleman_liau_index	15.96
PMC6212373.txt	flesch_reading_ease	23.29
PMC6212373.txt	gunning_fog	18.73
PMC6212373.txt	automated_readability_index	21.9
PMC6212373.txt	coleman_liau_index	16.72
PMC6223396.txt	flesch_reading_ease	23.29
PMC6223396.txt	gunning_fog	17.25
PMC6223396.txt	automated_readability_index	21.5
PMC6223396.txt	coleman_liau_index	16.31
PMC6251945.txt	flesch_reading_ease	24.21
PMC6251945.txt	gunning_fog	17.29
PMC6251945.txt	automated_readability_index	22.0
PMC6251945.txt	coleman_liau_index	17.59
PMC6261090.txt	flesch_reading_ease	206.84
PMC6283805.txt	flesch_reading_ease	21.87
PMC6283805.txt	gunning_fog	17.63
PMC6283805.txt	automated_readability_index	20.8
PMC6283805.txt	coleman_liau_index	14.86
PMC6283811.txt	flesch_reading_ease	14.63
PMC6283811.txt	gunning_fog	17.78
PMC6283811.txt	automated_readability_index	21.6
PMC6283811.txt	coleman_liau_index	16.55
PMC6297121.txt	flesch_reading_ease	206.84
PMC6373415.txt	flesch_reading_ease	38.96
PMC6373415.txt	gunning_fog	13.53
PMC6373415.txt	automated_readability_index	16.1
PMC6373415.txt	coleman_liau_index	13.64
PMC6385058.txt	flesch_reading_ease	31.96
PMC6385058.txt	gunning_fog	15.47
PMC6385058.txt	automated_readability_index	20.2
PMC6385058.txt	coleman_liau_index	14.52
PMC6385075.txt	flesch_reading_ease	23.56
PMC6385075.txt	gunning_fog	16.4
PMC6385075.txt	automated_readability_index	19.0
PMC6385075.txt	coleman_liau_index	18.39
PMC6394620.txt	flesch_reading_ease	3.73
PMC6394620.txt	gunning_fog	20.15
PMC6394620.txt	automated_readability_index	24.6
PMC6394620.txt	coleman_liau_index	18.58
PMC6394641.txt	flesch_reading_ease	206.84
PMC6394649.txt	flesch_reading_ease	16.36
PMC6394649.txt	gunning_fog	18.33
PMC6394649.txt	automated_readability_index	22.5
PMC6394649.txt	coleman_liau_index	18.52
PMC6435788.txt	gunning_fog	20.55
PMC6435788.txt	automated_readability_index	25.0
PMC6435788.txt	coleman_liau_index	21.19
PMC6439133.txt	flesch_reading_ease	28.47
PMC6439133.txt	gunning_fog	16.86
PMC6439133.txt	automated_readability_index	19.3
PMC6439133.txt	coleman_liau_index	16.54
PMC6470106.txt	flesch_reading_ease	18.28
PMC6470106.txt	gunning_fog	17.72
PMC6470106.txt	automated_readability_index	21.5
PMC6470106.txt	coleman_liau_index	17.93
PMC6486532.txt	flesch_reading_ease	17.41
PMC6486532.txt	gunning_fog	19.25
PMC6486532.txt	automated_readability_index	24.0
PMC6486532.txt	coleman_liau_index	15.56
PMC6488550.txt	flesch_reading_ease	26.37
PMC6488550.txt	gunning_fog	17.57
PMC6488550.txt	automated_readability_index	22.9
PMC6488550.txt	coleman_liau_index	14.63
PMC6505506.txt	flesch_reading_ease	19.54
PMC6505506.txt	gunning_fog	20.32
PMC6505506.txt	automated_readability_index	24.8
PMC6505506.txt	coleman_liau_index	17.94
PMC6505507.txt	flesch_reading_ease	0.89
PMC6505507.txt	gunning_fog	20.17
PMC6505507.txt	automated_readability_index	25.6
PMC6505507.txt	coleman_liau_index	18.05
PMC6505638.txt	flesch_reading_ease	18.52
PMC6505638.txt	gunning_fog	20.67
PMC6505638.txt	automated_readability_index	23.2
PMC6505638.txt	coleman_liau_index	15.97
PMC6509311.txt	flesch_reading_ease	16.25
PMC6509311.txt	gunning_fog	17.53
PMC6509311.txt	automated_readability_index	21.6
PMC6509311.txt	coleman_liau_index	17.01
PMC6531394.txt	flesch_reading_ease	35.61
PMC6531394.txt	gunning_fog	14.47
PMC6531394.txt	automated_readability_index	18.1
PMC6531394.txt	coleman_liau_index	14.16
PMC6542886.txt	flesch_reading_ease	22.58
PMC6542886.txt	gunning_fog	18.73
PMC6542886.txt	automated_readability_index	21.4
PMC6542886.txt	coleman_liau_index	15.5
PMC6554249.txt	flesch_reading_ease	42.65
PMC6554249.txt	gunning_fog	14.32
PMC6554249.txt	automated_readability_index	17.1
PMC6554249.txt	coleman_liau_index	12.07
PMC6581936.txt	flesch_reading_ease	23.7
PMC6581936.txt	gunning_fog	16.12
PMC6581936.txt	automated_readability_index	20.5
PMC6581936.txt	coleman_liau_index	15.21
PMC6591205.txt	flesch_reading_ease	19.64
PMC6591205.txt	gunning_fog	17.83
PMC6591205.txt	automated_readability_index	22.5
PMC6591205.txt	coleman_liau_index	15.39
PMC6597607.txt	flesch_reading_ease	21.36
PMC6597607.txt	gunning_fog	18.03
PMC6597607.txt	automated_readability_index	23.2
PMC6597607.txt	coleman_liau_index	17.07
PMC6609652.txt	flesch_reading_ease	21.02
PMC6609652.txt	gunning_fog	17.3
PMC6609652.txt	automated_readability_index	18.7
PMC6609652.txt	coleman_liau_index	15.96
PMC6614128.txt	flesch_reading_ease	29.72
PMC6614128.txt	gunning_fog	16.47
PMC6614128.txt	automated_readability_index	20.1
PMC6614128.txt	coleman_liau_index	13.59
PMC6647453.txt	flesch_reading_ease	28.17
PMC6647453.txt	gunning_fog	19.32
PMC6647453.txt	automated_readability_index	18.9
PMC6647453.txt	coleman_liau_index	15.79
PMC6676342.txt	flesch_reading_ease	22.58
PMC6676342.txt	gunning_fog	16.34
PMC6676342.txt	automated_readability_index	21.0
PMC6676342.txt	coleman_liau_index	15.21
PMC6676362.txt	flesch_reading_ease	38.35
PMC6676362.txt	gunning_fog	13.95
PMC6676362.txt	automated_readability_index	16.0
PMC6676362.txt	coleman_liau_index	13.35
PMC6684730.txt	flesch_reading_ease	37.78
PMC6684730.txt	gunning_fog	15.86
PMC6684730.txt	automated_readability_index	20.1
PMC6684730.txt	coleman_liau_index	12.25
PMC6730974.txt	flesch_reading_ease	38.49
PMC6730974.txt	gunning_fog	18.15
PMC6730974.txt	automated_readability_index	21.9
PMC6730974.txt	coleman_liau_index	14.98
PMC6739279.txt	flesch_reading_ease	12.09
PMC6739279.txt	gunning_fog	18.0
PMC6739279.txt	automated_readability_index	22.9
PMC6739279.txt	coleman_liau_index	16.37
PMC6743040.txt	flesch_reading_ease	206.84
PMC6743042.txt	flesch_reading_ease	37.37
PMC6743042.txt	gunning_fog	17.67
PMC6743042.txt	automated_readability_index	20.8
PMC6743042.txt	coleman_liau_index	14.05
PMC6743132.txt	flesch_reading_ease	206.84
PMC6743133.txt	flesch_reading_ease	27.49
PMC6743133.txt	gunning_fog	18.99
PMC6743133.txt	automated_readability_index	22.0
PMC6743133.txt	coleman_liau_index	14.63
PMC6743135.txt	flesch_reading_ease	206.84
PMC6743136.txt	flesch_reading_ease	23.9
PMC6743136.txt	gunning_fog	16.6
PMC6743136.txt	automated_readability_index	21.0
PMC6743136.txt	coleman_liau_index	16.08
PMC6743137.txt	flesch_reading_ease	19.4
PMC6743137.txt	gunning_fog	17.76
PMC6743137.txt	automated_readability_index	19.5
PMC6743137.txt	coleman_liau_index	16.71
PMC6743138.txt	flesch_reading_ease	33.78
PMC6743138.txt	gunning_fog	14.77
PMC6743138.txt	automated_readability_index	19.3
PMC6743138.txt	coleman_liau_index	14.86
PMC6743139.txt	flesch_reading_ease	44.07
PMC6743139.txt	gunning_fog	14.55
PMC6743139.txt	automated_readability_index	17.8
PMC6743139.txt	coleman_liau_index	13.7
PMC6743141.txt	flesch_reading_ease	14.06
PMC6743141.txt	gunning_fog	19.99
PMC6743141.txt	automated_readability_index	25.6
PMC6743141.txt	coleman_liau_index	15.85
PMC6743259.txt	flesch_reading_ease	23.5
PMC6743259.txt	gunning_fog	19.1
PMC6743259.txt	automated_readability_index	20.6
PMC6743259.txt	coleman_liau_index	15.73
PMC6814631.txt	flesch_reading_ease	17.81
PMC6814631.txt	gunning_fog	18.69
PMC6814631.txt	automated_readability_index	23.1
PMC6814631.txt	coleman_liau_index	14.98
PMC6836391.txt	flesch_reading_ease	29.01
PMC6836391.txt	gunning_fog	17.41
PMC6836391.txt	automated_readability_index	20.6
PMC6836391.txt	coleman_liau_index	13.76
PMC6873412.txt	flesch_reading_ease	206.84
PMC6890583.txt	flesch_reading_ease	206.84
PMC6890869.txt	flesch_reading_ease	23.8
PMC6890869.txt	gunning_fog	16.08
PMC6890869.txt	automated_readability_index	21.4
PMC6890869.txt	coleman_liau_index	16.2
PMC6904406.txt	flesch_reading_ease	9.52
PMC6904406.txt	gunning_fog	19.74
PMC6904406.txt	automated_readability_index	22.5
PMC6904406.txt	coleman_liau_index	19.15
PMC6937827.txt	flesch_reading_ease	13.11
PMC6937827.txt	gunning_fog	20.69
PMC6937827.txt	automated_readability_index	21.8
PMC6937827.txt	coleman_liau_index	15.5
PMC6938847.txt	flesch_reading_ease	15.48
PMC6938847.txt	gunning_fog	21.44
PMC6938847.txt	automated_readability_index	26.0
PMC6938847.txt	coleman_liau_index	16.43
PMC6942017.txt	flesch_reading_ease	17.0
PMC6942017.txt	gunning_fog	19.77
PMC6942017.txt	automated_readability_index	24.3
PMC6942017.txt	coleman_liau_index	15.73
PMC6950914.txt	flesch_reading_ease	23.29
PMC6950914.txt	gunning_fog	17.42
PMC6950914.txt	automated_readability_index	21.4
PMC6950914.txt	coleman_liau_index	16.08
PMC6977789.txt	flesch_reading_ease	32.26
PMC6977789.txt	gunning_fog	15.41
PMC6977789.txt	automated_readability_index	19.6
PMC6977789.txt	coleman_liau_index	13.82
PMC6980014.txt	flesch_reading_ease	25.32
PMC6980014.txt	gunning_fog	17.07
PMC6980014.txt	automated_readability_index	20.2
PMC6980014.txt	coleman_liau_index	15.5
PMC6985051.txt	flesch_reading_ease	5.9
PMC6985051.txt	gunning_fog	20.52
PMC6985051.txt	automated_readability_index	27.3
PMC6985051.txt	coleman_liau_index	17.24
PMC6998846.txt	flesch_reading_ease	17.0
PMC6998846.txt	gunning_fog	20.81
PMC6998846.txt	automated_readability_index	24.2
PMC6998846.txt	coleman_liau_index	15.97
PMC7003364.txt	flesch_reading_ease	15.75
PMC7003364.txt	gunning_fog	18.49
PMC7003364.txt	automated_readability_index	20.8
PMC7003364.txt	coleman_liau_index	16.31
PMC7005072.txt	flesch_reading_ease	25.02
PMC7005072.txt	gunning_fog	17.51
PMC7005072.txt	automated_readability_index	21.2
PMC7005072.txt	coleman_liau_index	16.72
PMC7012964.txt	flesch_reading_ease	7.08
PMC7012964.txt	gunning_fog	17.25
PMC7012964.txt	automated_readability_index	24.6
PMC7012964.txt	coleman_liau_index	20.03
PMC7021740.txt	flesch_reading_ease	4.18
PMC7021740.txt	gunning_fog	22.13
PMC7021740.txt	automated_readability_index	27.2
PMC7021740.txt	coleman_liau_index	17.25
PMC7027021.txt	flesch_reading_ease	32.73
PMC7027021.txt	gunning_fog	14.34
PMC7027021.txt	automated_readability_index	17.2
PMC7027021.txt	coleman_liau_index	16.13
PMC7028811.txt	flesch_reading_ease	15.95
PMC7028811.txt	gunning_fog	17.03
PMC7028811.txt	automated_readability_index	22.3
PMC7028811.txt	coleman_liau_index	17.59
PMC7041263.txt	flesch_reading_ease	206.84
PMC7046865.txt	flesch_reading_ease	206.84
PMC7047727.txt	flesch_reading_ease	30.7
PMC7047727.txt	gunning_fog	15.64
PMC7047727.txt	automated_readability_index	17.7
PMC7047727.txt	coleman_liau_index	16.19
PMC7056676.txt	flesch_reading_ease	3.57
PMC7056676.txt	gunning_fog	20.05
PMC7056676.txt	automated_readability_index	28.1
PMC7056676.txt	coleman_liau_index	17.94
PMC7078147.txt	flesch_reading_ease	33.88
PMC7078147.txt	gunning_fog	15.21
PMC7078147.txt	automated_readability_index	19.2
PMC7078147.txt	coleman_liau_index	14.75
PMC7103582.txt	flesch_reading_ease	30.09
PMC7103582.txt	gunning_fog	15.12
PMC7103582.txt	automated_readability_index	18.5
PMC7103582.txt	coleman_liau_index	16.13
PMC7106677.txt	flesch_reading_ease	206.84
PMC7161250.txt	flesch_reading_ease	206.84
PMC7183729.txt	flesch_reading_ease	32.09
PMC7183729.txt	gunning_fog	18.73
PMC7183729.txt	automated_readability_index	23.1
PMC7183729.txt	coleman_liau_index	13.36
PMC7183817.txt	flesch_reading_ease	206.84
PMC7210234.txt	flesch_reading_ease	29.18
PMC7210234.txt	gunning_fog	15.05
PMC7210234.txt	automated_readability_index	17.4
PMC7210234.txt	coleman_liau_index	14.57
PMC7214485.txt	flesch_reading_ease	18.73
PMC7214485.txt	gunning_fog	17.41
PMC7214485.txt	automated_readability_index	22.8
PMC7214485.txt	coleman_liau_index	15.33
PMC7242257.txt	flesch_reading_ease	16.66
PMC7242257.txt	gunning_fog	16.11
PMC7242257.txt	automated_readability_index	22.1
PMC7242257.txt	coleman_liau_index	17.47
PMC7268747.txt	flesch_reading_ease	18.49
PMC7268747.txt	gunning_fog	18.55
PMC7268747.txt	automated_readability_index	21.3
PMC7268747.txt	coleman_liau_index	18.16
PMC7278118.txt	flesch_reading_ease	10.03
PMC7278118.txt	gunning_fog	16.8
PMC7278118.txt	automated_readability_index	21.4
PMC7278118.txt	coleman_liau_index	18.28
PMC7280406.txt	flesch_reading_ease	33.38
PMC7280406.txt	gunning_fog	15.08
PMC7280406.txt	automated_readability_index	19.2
PMC7280406.txt	coleman_liau_index	14.05
PMC7293198.txt	flesch_reading_ease	26.03
PMC7293198.txt	gunning_fog	15.85
PMC7293198.txt	automated_readability_index	18.7
PMC7293198.txt	coleman_liau_index	14.45
PMC7298748.txt	flesch_reading_ease	206.84
PMC7306484.txt	flesch_reading_ease	33.07
PMC7306484.txt	gunning_fog	15.18
PMC7306484.txt	automated_readability_index	19.8
PMC7306484.txt	coleman_liau_index	14.98
PMC7313635.txt	flesch_reading_ease	31.41
PMC7313635.txt	gunning_fog	15.17
PMC7313635.txt	automated_readability_index	19.2
PMC7313635.txt	coleman_liau_index	18.34
PMC7320087.txt	flesch_reading_ease	14.63
PMC7320087.txt	gunning_fog	20.57
PMC7320087.txt	automated_readability_index	25.1
PMC7320087.txt	coleman_liau_index	19.85
PMC7322888.txt	flesch_reading_ease	206.84
PMC7329790.txt	flesch_reading_ease	16.59
PMC7329790.txt	gunning_fog	19.24
PMC7329790.txt	automated_readability_index	24.4
PMC7329790.txt	coleman_liau_index	15.62
PMC7333274.txt	flesch_reading_ease	44.64
PMC7333274.txt	gunning_fog	12.76
PMC7333274.txt	automated_readability_index	13.3
PMC7333274.txt	coleman_liau_index	13.16
PMC7367914.txt	flesch_reading_ease	9.62
PMC7367914.txt	gunning_fog	18.0
PMC7367914.txt	automated_readability_index	22.1
PMC7367914.txt	coleman_liau_index	18.45
PMC7373158.txt	flesch_reading_ease	206.84
PMC7379801.txt	flesch_reading_ease	206.84
PMC7385052.txt	flesch_reading_ease	29.76
PMC7385052.txt	gunning_fog	19.92
PMC7385052.txt	automated_readability_index	26.6
PMC7385052.txt	coleman_liau_index	15.74
PMC7387388.txt	flesch_reading_ease	26.44
PMC7387388.txt	gunning_fog	17.78
PMC7387388.txt	automated_readability_index	19.6
PMC7387388.txt	coleman_liau_index	15.21
PMC7391402.txt	flesch_reading_ease	19.54
PMC7391402.txt	gunning_fog	17.31
PMC7391402.txt	automated_readability_index	22.5
PMC7391402.txt	coleman_liau_index	15.33
PMC7392985.txt	flesch_reading_ease	25.66
PMC7392985.txt	gunning_fog	19.7
PMC7392985.txt	automated_readability_index	25.0
PMC7392985.txt	coleman_liau_index	16.14
PMC7393875.txt	flesch_reading_ease	206.84
PMC7399670.txt	flesch_reading_ease	20.62
PMC7399670.txt	gunning_fog	14.01
PMC7399670.txt	automated_readability_index	18.8
PMC7399670.txt	coleman_liau_index	16.25
PMC7409717.txt	flesch_reading_ease	206.84
PMC7410153.txt	flesch_reading_ease	33.17
PMC7410153.txt	gunning_fog	16.97
PMC7410153.txt	automated_readability_index	18.9
PMC7410153.txt	coleman_liau_index	14.17
PMC7422464.txt	flesch_reading_ease	28.27
PMC7422464.txt	gunning_fog	15.75
PMC7422464.txt	automated_readability_index	18.4
PMC7422464.txt	coleman_liau_index	15.15
PMC7429130.txt	flesch_reading_ease	42.85
PMC7429130.txt	gunning_fog	15.45
PMC7429130.txt	automated_readability_index	17.7
PMC7429130.txt	coleman_liau_index	13.23
PMC7437166.txt	flesch_reading_ease	39.16
PMC7437166.txt	gunning_fog	14.45
PMC7437166.txt	automated_readability_index	15.9
PMC7437166.txt	coleman_liau_index	13.99
PMC7441129.txt	flesch_reading_ease	30.94
PMC7441129.txt	gunning_fog	16.23
PMC7441129.txt	automated_readability_index	20.7
PMC7441129.txt	coleman_liau_index	14.28
PMC7450581.txt	flesch_reading_ease	23.09
PMC7450581.txt	gunning_fog	18.39
PMC7450581.txt	automated_readability_index	21.7
PMC7450581.txt	coleman_liau_index	16.49
PMC7452927.txt	flesch_reading_ease	5.8
PMC7452927.txt	gunning_fog	20.16
PMC7452927.txt	automated_readability_index	26.0
PMC7452927.txt	coleman_liau_index	16.49
PMC7455686.txt	flesch_reading_ease	23.7
PMC7455686.txt	gunning_fog	17.51
PMC7455686.txt	automated_readability_index	21.8
PMC7455686.txt	coleman_liau_index	16.84
PMC7456635.txt	flesch_reading_ease	24.92
PMC7456635.txt	gunning_fog	15.24
PMC7456635.txt	automated_readability_index	19.8
PMC7456635.txt	coleman_liau_index	15.21
PMC7479077.txt	flesch_reading_ease	7.39
PMC7479077.txt	gunning_fog	26.6
PMC7479077.txt	automated_readability_index	33.2
PMC7479077.txt	coleman_liau_index	15.57
PMC7498526.txt	flesch_reading_ease	30.5
PMC7498526.txt	gunning_fog	15.73
PMC7498526.txt	automated_readability_index	18.1
PMC7498526.txt	coleman_liau_index	15.73
PMC7500010.txt	flesch_reading_ease	29.89
PMC7500010.txt	gunning_fog	16.32
PMC7500010.txt	automated_readability_index	19.9
PMC7500010.txt	coleman_liau_index	18.57
PMC7501396.txt	flesch_reading_ease	36.83
PMC7501396.txt	gunning_fog	14.34
PMC7501396.txt	automated_readability_index	17.2
PMC7501396.txt	coleman_liau_index	13.76
PMC7510265.txt	flesch_reading_ease	2.11
PMC7510265.txt	gunning_fog	20.98
PMC7510265.txt	automated_readability_index	25.7
PMC7510265.txt	coleman_liau_index	19.21
PMC7513524.txt	flesch_reading_ease	206.84
PMC7519505.txt	flesch_reading_ease	24.92
PMC7519505.txt	gunning_fog	16.73
PMC7519505.txt	automated_readability_index	20.6
PMC7519505.txt	coleman_liau_index	16.37
PMC7520419.txt	flesch_reading_ease	18.93
PMC7520419.txt	gunning_fog	18.32
PMC7520419.txt	automated_readability_index	22.7
PMC7520419.txt	coleman_liau_index	15.15
PMC7525075.txt	flesch_reading_ease	33.48
PMC7525075.txt	gunning_fog	16.13
PMC7525075.txt	automated_readability_index	19.0
PMC7525075.txt	coleman_liau_index	14.52
PMC7531160.txt	flesch_reading_ease	16.96
PMC7531160.txt	gunning_fog	18.45
PMC7531160.txt	automated_readability_index	22.6
PMC7531160.txt	coleman_liau_index	19.39
PMC7538034.txt	flesch_reading_ease	206.84
PMC7550513.txt	flesch_reading_ease	29.93
PMC7550513.txt	gunning_fog	17.56
PMC7550513.txt	automated_readability_index	21.7
PMC7550513.txt	coleman_liau_index	15.62
PMC7561564.txt	flesch_reading_ease	22.28
PMC7561564.txt	gunning_fog	16.53
PMC7561564.txt	automated_readability_index	21.6
PMC7561564.txt	coleman_liau_index	15.68
PMC7561646.txt	flesch_reading_ease	41.23
PMC7561646.txt	gunning_fog	15.71
PMC7561646.txt	automated_readability_index	18.4
PMC7561646.txt	coleman_liau_index	12.78
PMC7574578.txt	flesch_reading_ease	2.01
PMC7574578.txt	gunning_fog	22.98
PMC7574578.txt	automated_readability_index	26.7
PMC7574578.txt	coleman_liau_index	19.85
